sentence,response,group,sentence_id,lexicalization,conjunction,agreement,filler_type,type,response_round,condition
Андрей или я увидим этот кукольный спектакль.,4.3,C,10,2,or,1pl,,stimul,4.0,"1pl, or"
Андрей или я увидит этот кукольный спектакль.,3.0,D,11,2,or,3sg,,stimul,3.0,"3sg, or"
Андрей или я увидят этот кукольный спектакль.,3.4,E,12,2,or,3pl,,stimul,3.0,"3pl, or"
Андрей или я увижу этот кукольный спектакль.,3.2,B,9,2,or,1sg,,stimul,3.0,"1sg, or"
Боря или я закончат эту шахматную партию.,2.8181818181818183,F,212,27,or,3pl,,stimul,3.0,"3pl, or"
Боря или я закончим эту шахматную партию.,5.2,D,210,27,or,1pl,,stimul,5.0,"1pl, or"
Боря или я закончит эту шахматную партию.,2.9,E,211,27,or,3sg,,stimul,3.0,"3sg, or"
Боря или я закончу эту шахматную партию.,3.2,C,209,27,or,1sg,,stimul,3.0,"1sg, or"
Вадим или я соберу этот нужный материал.,2.7,A,65,9,or,1sg,,stimul,3.0,"1sg, or"
Вадим или я соберут этот нужный материал.,2.7,D,68,9,or,3pl,,stimul,3.0,"3pl, or"
Вадим или я соберём этот нужный материал.,5.6,B,66,9,or,1pl,,stimul,6.0,"1pl, or"
Вадим или я соберёт этот нужный материал.,3.2,C,67,9,or,3sg,,stimul,3.0,"3sg, or"
Ваня или я отправим это заказное письмо.,5.2,C,138,18,or,1pl,,stimul,5.0,"1pl, or"
Ваня или я отправит это заказное письмо.,3.6,D,139,18,or,3sg,,stimul,4.0,"3sg, or"
Ваня или я отправлю это заказное письмо.,3.7,B,137,18,or,1sg,,stimul,4.0,"1sg, or"
Ваня или я отправят это заказное письмо.,3.0,E,140,18,or,3pl,,stimul,3.0,"3pl, or"
Вася или я проведу это экстренное совещание.,3.1,A,1,1,or,1sg,,stimul,3.0,"1sg, or"
Вася или я проведут это экстренное совещание.,3.5,D,4,1,or,3pl,,stimul,4.0,"3pl, or"
Вася или я проведём это экстренное совещание.,5.3,B,2,1,or,1pl,,stimul,5.0,"1pl, or"
Вася или я проведёт это экстренное совещание.,2.5,C,3,1,or,3sg,,stimul,2.0,"3sg, or"
Влад или я покрасим этот новый забор.,4.181818181818182,F,162,21,or,1pl,,stimul,4.0,"1pl, or"
Влад или я покрасит этот новый забор.,2.8,G,163,21,or,3sg,,stimul,3.0,"3sg, or"
Влад или я покрасят этот новый забор.,4.1,H,164,21,or,3pl,,stimul,4.0,"3pl, or"
Влад или я покрашу этот новый забор.,3.9,E,161,21,or,1sg,,stimul,4.0,"1sg, or"
Вова или я спою эту весёлую песню.,3.3,C,17,3,or,1sg,,stimul,3.0,"1sg, or"
Вова или я споют эту весёлую песню.,3.1818181818181817,F,20,3,or,3pl,,stimul,3.0,"3pl, or"
Вова или я споём эту весёлую песню.,4.4,D,18,3,or,1pl,,stimul,4.0,"1pl, or"
Вова или я споёт эту весёлую песню.,3.1,E,19,3,or,3sg,,stimul,3.0,"3sg, or"
Гена или я раскроем это подлое преступление.,5.6,H,178,23,or,1pl,,stimul,6.0,"1pl, or"
Гена или я раскроет это подлое преступление.,2.5,A,179,23,or,3sg,,stimul,2.0,"3sg, or"
Гена или я раскрою эту подлое преступление.,3.3,G,177,23,or,1sg,,stimul,3.0,"1sg, or"
Гена или я раскроют это подлое преступление.,3.6,B,180,23,or,3pl,,stimul,4.0,"3pl, or"
Гоша или я начну этот непростой разговор.,4.3,D,217,28,or,1sg,,stimul,4.0,"1sg, or"
Гоша или я начнут этот непростой разговор.,3.1,G,220,28,or,3pl,,stimul,3.0,"3pl, or"
Гоша или я начнём этот непростой разговор.,4.4,E,218,28,or,1pl,,stimul,4.0,"1pl, or"
Гоша или я начнёт этот непростой разговор.,3.090909090909091,F,219,28,or,3sg,,stimul,3.0,"3sg, or"
Гриша или я переведу эту английскую фразу.,2.6,A,193,25,or,1sg,,stimul,3.0,"1sg, or"
Гриша или я переведут эту английскую фразу.,3.3,D,196,25,or,3pl,,stimul,3.0,"3pl, or"
Гриша или я переведём эту английскую фразу.,4.9,B,194,25,or,1pl,,stimul,5.0,"1pl, or"
Гриша или я переведёт эту английскую фразу.,2.555555555555556,C,195,25,or,3sg,,stimul,3.0,"3sg, or"
Дима или я послушаем это голосовое сообщение.,4.4,F,34,5,or,1pl,,stimul,4.0,"1pl, or"
Дима или я послушает это голосовое сообщение.,2.1,G,35,5,or,3sg,,stimul,2.0,"3sg, or"
Дима или я послушаю это голосовое сообщение.,3.4,E,33,5,or,1sg,,stimul,3.0,"1sg, or"
Дима или я послушают это голосовое сообщение.,4.875,H,36,5,or,3pl,,stimul,5.0,"3pl, or"
Егор или я прочитаем эту вводную лекцию.,5.666666666666667,G,42,6,or,1pl,,stimul,6.0,"1pl, or"
Егор или я прочитает эту вводную лекцию.,5.4,H,43,6,or,3sg,,stimul,5.0,"3sg, or"
Егор или я прочитаю эту вводную лекцию.,3.6,F,41,6,or,1sg,,stimul,4.0,"1sg, or"
Егор или я прочитают эту вводную лекцию.,3.9,A,44,6,or,3pl,,stimul,4.0,"3pl, or"
Игорь или я совершат это далёкое путешествие.,4.2,H,100,13,or,3pl,,stimul,4.0,"3pl, or"
Игорь или я совершим это далёкое путешествие.,3.5454545454545454,F,98,13,or,1pl,,stimul,4.0,"1pl, or"
Игорь или я совершит это далёкое путешествие.,3.6,G,99,13,or,3sg,,stimul,4.0,"3sg, or"
Игорь или я совершу это далёкое путешествие.,3.25,E,97,13,or,1sg,,stimul,3.0,"1sg, or"
"Или Андрей, или я увидим этот кукольный спектакль.",4.4,G,14,2,or_or,1pl,,stimul,4.0,"1pl, or_or"
"Или Андрей, или я увидит этот кукольный спектакль.",3.3,H,15,2,or_or,3sg,,stimul,3.0,"3sg, or_or"
"Или Андрей, или я увидят этот кукольный спектакль.",3.2,A,16,2,or_or,3pl,,stimul,3.0,"3pl, or_or"
"Или Андрей, или я увижу этот кукольный спектакль.",2.8181818181818183,F,13,2,or_or,1sg,,stimul,3.0,"1sg, or_or"
"Или Боря, или я закончат эту шахматную партию.",3.6,B,216,27,or_or,3pl,,stimul,4.0,"3pl, or_or"
"Или Боря, или я закончим эту шахматную партию.",5.3,H,214,27,or_or,1pl,,stimul,5.0,"1pl, or_or"
"Или Боря, или я закончит эту шахматную партию.",2.3,A,215,27,or_or,3sg,,stimul,2.0,"3sg, or_or"
"Или Боря, или я закончу эту шахматную партию.",3.4444444444444446,G,213,27,or_or,1sg,,stimul,3.0,"1sg, or_or"
"Или Вадим, или я соберу этот нужный материал.",3.9,E,69,9,or_or,1sg,,stimul,4.0,"1sg, or_or"
"Или Вадим, или я соберут этот нужный материал.",2.9,H,72,9,or_or,3pl,,stimul,3.0,"3pl, or_or"
"Или Вадим, или я соберём этот нужный материал.",3.636363636363636,F,70,9,or_or,1pl,,stimul,4.0,"1pl, or_or"
"Или Вадим, или я соберёт этот нужный материал.",2.4,G,71,9,or_or,3sg,,stimul,2.0,"3sg, or_or"
"Или Ваня, или я отправим это заказное письмо.",5.2,G,142,18,or_or,1pl,,stimul,5.0,"1pl, or_or"
"Или Ваня, или я отправит это заказное письмо.",3.7,H,143,18,or_or,3sg,,stimul,4.0,"3sg, or_or"
"Или Ваня, или я отправлю это заказное письмо.",2.636363636363636,F,141,18,or_or,1sg,,stimul,3.0,"1sg, or_or"
"Или Ваня, или я отправят это заказное письмо.",2.5,A,144,18,or_or,3pl,,stimul,2.0,"3pl, or_or"
"Или Вася, или я проведу это экстренное совещание.",4.0,E,5,1,or_or,1sg,,stimul,4.0,"1sg, or_or"
"Или Вася, или я проведут это экстренное совещание.",4.5,H,8,1,or_or,3pl,,stimul,4.0,"3pl, or_or"
"Или Вася, или я проведём это экстренное совещание.",4.0,F,6,1,or_or,1pl,,stimul,4.0,"1pl, or_or"
"Или Вася, или я проведёт это экстренное совещание.",3.2222222222222223,G,7,1,or_or,3sg,,stimul,3.0,"3sg, or_or"
"Или Влад, или я покрасим этот новый забор.",5.0,B,166,21,or_or,1pl,,stimul,5.0,"1pl, or_or"
"Или Влад, или я покрасит этот новый забор.",3.0,C,167,21,or_or,3sg,,stimul,3.0,"3sg, or_or"
"Или Влад, или я покрасят этот новый забор.",2.6,D,168,21,or_or,3pl,,stimul,3.0,"3pl, or_or"
"Или Влад, или я покрашу этот новый забор.",2.7,A,165,21,or_or,1sg,,stimul,3.0,"1sg, or_or"
"Или Вова, или я спою эту весёлую песню.",4.4,G,21,3,or_or,1sg,,stimul,4.0,"1sg, or_or"
"Или Вова, или я споют эту весёлую песню.",3.6666666666666665,B,24,3,or_or,3pl,,stimul,4.0,"3pl, or_or"
"Или Вова, или я споём эту весёлую песню.",5.0,H,22,3,or_or,1pl,,stimul,5.0,"1pl, or_or"
"Или Вова, или я споёт эту весёлую песню.",2.7,A,23,3,or_or,3sg,,stimul,3.0,"3sg, or_or"
"Или Гена, или я раскроем это подлое преступление.",5.2,D,182,23,or_or,1pl,,stimul,5.0,"1pl, or_or"
"Или Гена, или я раскроет это подлое преступление.",3.0,E,183,23,or_or,3sg,,stimul,3.0,"3sg, or_or"
"Или Гена, или я раскрою это подлое преступление.",3.333333333333333,C,181,23,or_or,1sg,,stimul,3.0,"1sg, or_or"
"Или Гена, или я раскроют это подлое преступление.",3.090909090909091,F,184,23,or_or,3pl,,stimul,3.0,"3pl, or_or"
"Или Гоша, или я начну этот непростой разговор.",4.2,H,221,28,or_or,1sg,,stimul,4.0,"1sg, or_or"
"Или Гоша, или я начнут этот непростой разговор.",3.0,C,224,28,or_or,3pl,,stimul,3.0,"3pl, or_or"
"Или Гоша, или я начнём этот непростой разговор.",4.6,A,222,28,or_or,1pl,,stimul,5.0,"1pl, or_or"
"Или Гоша, или я начнёт этот непростой разговор.",3.7,B,223,28,or_or,3sg,,stimul,4.0,"3sg, or_or"
"Или Гриша, или я переведу эту английскую фразу.",4.1,E,197,25,or_or,1sg,,stimul,4.0,"1sg, or_or"
"Или Гриша, или я переведут эту английскую фразу.",3.9,H,200,25,or_or,3pl,,stimul,4.0,"3pl, or_or"
"Или Гриша, или я переведём эту английскую фразу.",4.181818181818182,F,198,25,or_or,1pl,,stimul,4.0,"1pl, or_or"
"Или Гриша, или я переведёт эту английскую фразу.",3.0,G,199,25,or_or,3sg,,stimul,3.0,"3sg, or_or"
"Или Дима, или я послушаем это голосовое сообщение.",4.1,B,38,5,or_or,1pl,,stimul,4.0,"1pl, or_or"
"Или Дима, или я послушает это голосовое сообщение.",3.3,C,39,5,or_or,3sg,,stimul,3.0,"3sg, or_or"
"Или Дима, или я послушаю это голосовое сообщение.",3.0,A,37,5,or_or,1sg,,stimul,3.0,"1sg, or_or"
"Или Дима, или я послушают это голосовое сообщение.",3.9,D,40,5,or_or,3pl,,stimul,4.0,"3pl, or_or"
"Или Егор, или я прочитаем эту вводную лекцию.",5.3,C,46,6,or_or,1pl,,stimul,5.0,"1pl, or_or"
"Или Егор, или я прочитает эту вводную лекцию.",3.6666666666666665,D,47,6,or_or,3sg,,stimul,4.0,"3sg, or_or"
"Или Егор, или я прочитаю эту вводную лекцию.",4.2,B,45,6,or_or,1sg,,stimul,4.0,"1sg, or_or"
"Или Егор, или я прочитают эту вводную лекцию.",4.3,E,48,6,or_or,3pl,,stimul,4.0,"3pl, or_or"
"Или Игорь, или я совершат это далёкое путешествие.",3.0,D,104,13,or_or,3pl,,stimul,3.0,"3pl, or_or"
"Или Игорь, или я совершим это далёкое путешествие.",5.3,B,102,13,or_or,1pl,,stimul,5.0,"1pl, or_or"
"Или Игорь, или я совершит это далёкое путешествие.",3.1,C,103,13,or_or,3sg,,stimul,3.0,"3sg, or_or"
"Или Игорь, или я совершу это далёкое путешествие.",3.4,A,101,13,or_or,1sg,,stimul,3.0,"1sg, or_or"
"Или Илья, или я выполним это срочное задание.",5.4,D,54,7,or_or,1pl,,stimul,5.0,"1pl, or_or"
"Или Илья, или я выполнит это срочное задание.",2.9,E,55,7,or_or,3sg,,stimul,3.0,"3sg, or_or"
"Или Илья, или я выполню это срочное задание.",4.2,C,53,7,or_or,1sg,,stimul,4.0,"1sg, or_or"
"Или Илья, или я выполнят это срочное задание.",2.272727272727273,F,56,7,or_or,3pl,,stimul,2.0,"3pl, or_or"
"Или Кирилл, или я прополем эту капустную грядку.",4.8,G,78,10,or_or,1pl,,stimul,5.0,"1pl, or_or"
"Или Кирилл, или я прополет эту капустную грядку.",4.444444444444445,H,79,10,or_or,3sg,,stimul,4.0,"3sg, or_or"
"Или Кирилл, или я прополю эту капустную грядку.",3.5454545454545454,F,77,10,or_or,1sg,,stimul,4.0,"1sg, or_or"
"Или Кирилл, или я прополют эту капустную грядку.",2.6666666666666665,A,80,10,or_or,3pl,,stimul,3.0,"3pl, or_or"
"Или Костя, или я расскажем эту интересную историю.",3.8181818181818175,F,63,8,or_or,3sg,,stimul,4.0,"3sg, or_or"
"Или Костя, или я расскажет эту интересную историю.",2.7,E,62,8,or_or,1pl,,stimul,3.0,"1pl, or_or"
"Или Костя, или я расскажу эту интересную историю.",5.2,D,61,8,or_or,1sg,,stimul,5.0,"1sg, or_or"
"Или Костя, или я расскажут эту интересную историю.",3.9,G,64,8,or_or,3pl,,stimul,4.0,"3pl, or_or"
"Или Лёва, или я произнесу эту торжественную речь.",3.7,B,237,30,or_or,1sg,,stimul,4.0,"1sg, or_or"
"Или Лёва, или я произнесут эту торжественную речь.",3.1,E,240,30,or_or,3pl,,stimul,3.0,"3pl, or_or"
"Или Лёва, или я произнесём эту торжественную речь.",5.111111111111111,C,238,30,or_or,1pl,,stimul,5.0,"1pl, or_or"
"Или Лёва, или я произнесёт эту торжественную речь.",3.7,D,239,30,or_or,3sg,,stimul,4.0,"3sg, or_or"
"Или Лёва, или я решат эту сложную задачу.",3.4444444444444446,B,88,11,or_or,3pl,,stimul,3.0,"3pl, or_or"
"Или Лёва, или я решим эту сложную задачу.",5.2,H,86,11,or_or,1pl,,stimul,5.0,"1pl, or_or"
"Или Лёва, или я решит эту сложную задачу.",2.5,A,87,11,or_or,3sg,,stimul,2.0,"3sg, or_or"
"Или Лёва, или я решу эту сложную задачу.",4.3,G,85,11,or_or,1sg,,stimul,4.0,"1sg, or_or"
"Или Максим, или я приобрету этот старинный дом.",3.7,B,173,22,or_or,1sg,,stimul,4.0,"1sg, or_or"
"Или Максим, или я приобретут этот старинный дом.",2.9,E,176,22,or_or,3pl,,stimul,3.0,"3pl, or_or"
"Или Максим, или я приобретём этот старинный дом.",5.3,C,174,22,or_or,1pl,,stimul,5.0,"1pl, or_or"
"Или Максим, или я приобретёт этот старинный дом.",3.5,D,175,22,or_or,3sg,,stimul,4.0,"3sg, or_or"
"Или Митя, или я составим этот длинный список.",5.3,B,230,29,or_or,1pl,,stimul,5.0,"1pl, or_or"
"Или Митя, или я составит этот длинный список.",2.2,C,231,29,or_or,3sg,,stimul,2.0,"3sg, or_or"
"Или Митя, или я составлю этот длинный список.",3.6,A,229,29,or_or,1sg,,stimul,4.0,"1sg, or_or"
"Или Митя, или я составят этот длинный список.",3.1,D,232,29,or_or,3pl,,stimul,3.0,"3pl, or_or"
"Или Миша, или я исправим эту случайную ошибку.",5.0,D,246,31,or_or,1pl,,stimul,5.0,"1pl, or_or"
"Или Миша, или я исправит эту случайную ошибку.",2.8,E,247,31,or_or,3sg,,stimul,3.0,"3sg, or_or"
"Или Миша, или я исправлю эту случайную ошибку.",3.9,C,245,31,or_or,1sg,,stimul,4.0,"1sg, or_or"
"Или Миша, или я исправят эту случайную ошибку.",3.363636363636364,F,248,31,or_or,3pl,,stimul,3.0,"3pl, or_or"
"Или Никита, или я внесу этот небольшой аванс.",3.4444444444444446,B,109,14,or_or,1sg,,stimul,3.0,"1sg, or_or"
"Или Никита, или я внесут этот небольшой аванс.",2.888888888888889,E,112,14,or_or,3pl,,stimul,3.0,"3pl, or_or"
"Или Никита, или я внесём этот небольшой аванс.",5.3,C,110,14,or_or,1pl,,stimul,5.0,"1pl, or_or"
"Или Никита, или я внесёт этот небольшой аванс.",3.2,D,111,14,or_or,3sg,,stimul,3.0,"3sg, or_or"
"Или Никита, или я побелим этот высокий потолок.",4.8,A,158,20,or_or,1pl,,stimul,5.0,"1pl, or_or"
"Или Никита, или я побелит этот высокий потолок.",3.2,B,159,20,or_or,3sg,,stimul,3.0,"3sg, or_or"
"Или Никита, или я побелю этот высокий потолок.",3.5,H,157,20,or_or,1sg,,stimul,4.0,"1sg, or_or"
"Или Никита, или я побелят этот высокий потолок.",3.4,C,160,20,or_or,3pl,,stimul,3.0,"3pl, or_or"
"Или Олег, или я подпишем это деловое соглашение.",4.181818181818182,F,134,17,or_or,1pl,,stimul,4.0,"1pl, or_or"
"Или Олег, или я подпишет это деловое соглашение.",3.6,G,135,17,or_or,3sg,,stimul,4.0,"3sg, or_or"
"Или Олег, или я подпишу это деловое соглашение.",4.1,E,133,17,or_or,1sg,,stimul,4.0,"1sg, or_or"
"Или Олег, или я подпишут это деловое соглашение.",3.8,H,136,17,or_or,3pl,,stimul,4.0,"3pl, or_or"
"Или Паша, или я посетим этот научный семинар.",4.2,E,126,16,or_or,1pl,,stimul,4.0,"1pl, or_or"
"Или Паша, или я посетит этот научный семинар.",2.636363636363636,F,127,16,or_or,3sg,,stimul,3.0,"3sg, or_or"
"Или Паша, или я посетят этот научный семинар.",3.9,G,128,16,or_or,3pl,,stimul,4.0,"3pl, or_or"
"Или Паша, или я посещу этот научный семинар.",5.222222222222222,D,125,16,or_or,1sg,,stimul,5.0,"1sg, or_or"
"Или Петя, или я поднимем этот важный вопрос.",4.8,D,118,15,or_or,1pl,,stimul,5.0,"1pl, or_or"
"Или Петя, или я поднимет этот важный вопрос.",3.2,E,119,15,or_or,3sg,,stimul,3.0,"3sg, or_or"
"Или Петя, или я подниму этот важный вопрос.",3.6,C,117,15,or_or,1sg,,stimul,4.0,"1sg, or_or"
"Или Петя, или я поднимут этот важный вопрос.",3.090909090909091,F,120,15,or_or,3pl,,stimul,3.0,"3pl, or_or"
"Или Саша, или я отнесу это тяжёлое ведро.",4.4,D,253,32,or_or,1sg,,stimul,4.0,"1sg, or_or"
"Или Саша, или я отнесут это тяжёлое ведро.",3.6,G,256,32,or_or,3pl,,stimul,4.0,"3pl, or_or"
"Или Саша, или я отнесём это тяжёлое ведро.",4.5,E,254,32,or_or,1pl,,stimul,4.0,"1pl, or_or"
"Или Саша, или я отнесёт это тяжёлое ведро.",3.363636363636364,F,255,32,or_or,3sg,,stimul,3.0,"3sg, or_or"
"Или Слава, или я купим эту известную картину.",5.4,H,150,19,or_or,1pl,,stimul,5.0,"1pl, or_or"
"Или Слава, или я купит эту известную картину.",2.3,A,151,19,or_or,3sg,,stimul,2.0,"3sg, or_or"
"Или Слава, или я куплю эту известную картину.",3.4,G,149,19,or_or,1sg,,stimul,3.0,"1sg, or_or"
"Или Слава, или я купят эту известную картину.",3.1,B,152,19,or_or,3pl,,stimul,3.0,"3pl, or_or"
"Или Стёпа, или я исполним эту оперную арию.",4.4,A,30,4,or_or,1pl,,stimul,4.0,"1pl, or_or"
"Или Стёпа, или я исполнит эту оперную арию.",3.7777777777777777,B,31,4,or_or,3sg,,stimul,4.0,"3sg, or_or"
"Или Стёпа, или я исполню эту оперную арию.",3.888888888888889,H,29,4,or_or,1sg,,stimul,4.0,"1sg, or_or"
"Или Стёпа, или я исполнят эту оперную арию.",3.9,C,32,4,or_or,3pl,,stimul,4.0,"3pl, or_or"
"Или Федя, или я выиграем этот теннисный турнир.",4.3,G,206,26,or_or,1pl,,stimul,4.0,"1pl, or_or"
"Или Федя, или я выиграет этот теннисный турнир.",4.0,H,207,26,or_or,3sg,,stimul,4.0,"3sg, or_or"
"Или Федя, или я выиграю этот теннисный турнир.",3.5454545454545454,F,205,26,or_or,1sg,,stimul,4.0,"1sg, or_or"
"Или Федя, или я выиграют этот теннисный турнир.",2.7,A,208,26,or_or,3pl,,stimul,3.0,"3pl, or_or"
"Или Юра, или я устроим этот детский праздник.",4.5,A,94,12,or_or,1pl,,stimul,4.0,"1pl, or_or"
"Или Юра, или я устроит этот детский праздник.",3.3,B,95,12,or_or,3sg,,stimul,3.0,"3sg, or_or"
"Или Юра, или я устрою этот детский праздник.",4.222222222222222,H,93,12,or_or,1sg,,stimul,4.0,"1sg, or_or"
"Или Юра, или я устроят этот детский праздник.",3.6666666666666665,C,96,12,or_or,3pl,,stimul,4.0,"3pl, or_or"
"Или Яша, или я закажем этот дорогой десерт.",4.1,E,190,24,or_or,1pl,,stimul,4.0,"1pl, or_or"
"Или Яша, или я закажет этот дорогой десерт.",2.272727272727273,F,191,24,or_or,3sg,,stimul,2.0,"3sg, or_or"
"Или Яша, или я закажу этот дорогой десерт.",4.7,D,189,24,or_or,1sg,,stimul,5.0,"1sg, or_or"
"Или Яша, или я закажут этот дорогой десерт.",3.5,G,192,24,or_or,3pl,,stimul,4.0,"3pl, or_or"
Илья или я выполним это срочное задание.,6.0,H,50,7,or,1pl,,stimul,6.0,"1pl, or"
Илья или я выполнит это срочное задание.,2.6,A,51,7,or,3sg,,stimul,3.0,"3sg, or"
Илья или я выполню это срочное задание.,4.0,G,49,7,or,1sg,,stimul,4.0,"1sg, or"
Илья или я выполнят это срочное задание.,3.7,B,52,7,or,3pl,,stimul,4.0,"3pl, or"
Кирилл или я прополем эту капустную грядку.,5.555555555555555,C,74,10,or,1pl,,stimul,6.0,"1pl, or"
Кирилл или я прополет эту капустную грядку.,2.888888888888889,D,75,10,or,3sg,,stimul,3.0,"3sg, or"
Кирилл или я прополю эту капустную грядку.,4.1,B,73,10,or,1sg,,stimul,4.0,"1sg, or"
Кирилл или я прополют эту капустную грядку.,3.555555555555556,E,76,10,or,3pl,,stimul,4.0,"3pl, or"
Костя или я расскажем эту интересную историю.,4.2,A,58,8,or,1pl,,stimul,4.0,"1pl, or"
Костя или я расскажет эту интересную историю.,3.6666666666666665,B,59,8,or,3sg,,stimul,4.0,"3sg, or"
Костя или я расскажу эту интересную историю.,4.777777777777778,H,57,8,or,1sg,,stimul,5.0,"1sg, or"
Костя или я расскажут эту интересную историю.,3.0,C,60,8,or,3pl,,stimul,3.0,"3pl, or"
Лёва или я произнесу эту торжественную речь.,2.909090909090909,F,233,30,or,1sg,,stimul,3.0,"1sg, or"
Лёва или я произнесут эту торжественную речь.,2.8,A,236,30,or,3pl,,stimul,3.0,"3pl, or"
Лёва или я произнесём эту торжественную речь.,5.111111111111111,G,234,30,or,1pl,,stimul,5.0,"1pl, or"
Лёва или я произнесёт эту торжественную речь.,4.4,H,235,30,or,3sg,,stimul,4.0,"3sg, or"
Лёва или я решат эту сложную задачу.,3.363636363636364,F,84,11,or,3pl,,stimul,3.0,"3pl, or"
Лёва или я решим эту сложную задачу.,4.8,D,82,11,or,1pl,,stimul,5.0,"1pl, or"
Лёва или я решит эту сложную задачу.,3.3,E,83,11,or,3sg,,stimul,3.0,"3sg, or"
Лёва или я решу эту сложную задачу.,3.7,C,81,11,or,1sg,,stimul,4.0,"1sg, or"
Максим или я приобрету этот старинный дом.,2.727272727272727,F,169,22,or,1sg,,stimul,3.0,"1sg, or"
Максим или я приобретут этот старинный дом.,2.7,A,172,22,or,3pl,,stimul,3.0,"3pl, or"
Максим или я приобретём этот старинный дом.,5.3,G,170,22,or,1pl,,stimul,5.0,"1pl, or"
Максим или я приобретёт этот старинный дом.,4.111111111111111,H,171,22,or,3sg,,stimul,4.0,"3sg, or"
Митя или я составим этот длинный список.,3.909090909090909,F,226,29,or,1pl,,stimul,4.0,"1pl, or"
Митя или я составит этот длинный список.,3.0,G,227,29,or,3sg,,stimul,3.0,"3sg, or"
Митя или я составлю этот длинный список.,3.333333333333333,E,225,29,or,1sg,,stimul,3.0,"1sg, or"
Митя или я составят этот длинный список.,4.3,H,228,29,or,3pl,,stimul,4.0,"3pl, or"
Миша или я исправим эту случайную ошибку.,6.1,H,242,31,or,1pl,,stimul,6.0,"1pl, or"
Миша или я исправит эту случайную ошибку.,2.7,A,243,31,or,3sg,,stimul,3.0,"3sg, or"
Миша или я исправлю эту случайную ошибку.,3.9,G,241,31,or,1sg,,stimul,4.0,"1sg, or"
Миша или я исправят эту случайную ошибку.,4.0,B,244,31,or,3pl,,stimul,4.0,"3pl, or"
Никита или я внесу этот небольшой аванс.,2.727272727272727,F,105,14,or,1sg,,stimul,3.0,"1sg, or"
Никита или я внесут этот небольшой аванс.,3.7,A,108,14,or,3pl,,stimul,4.0,"3pl, or"
Никита или я внесём этот небольшой аванс.,4.4,G,106,14,or,1pl,,stimul,4.0,"1pl, or"
Никита или я внесёт этот небольшой аванс.,5.0,H,107,14,or,3sg,,stimul,5.0,"3sg, or"
Никита или я побелим этот высокий потолок.,4.4,E,154,20,or,1pl,,stimul,4.0,"1pl, or"
Никита или я побелит этот высокий потолок.,3.1818181818181817,F,155,20,or,3sg,,stimul,3.0,"3sg, or"
Никита или я побелю этот высокий потолок.,5.0,D,153,20,or,1sg,,stimul,5.0,"1sg, or"
Никита или я побелят этот высокий потолок.,3.555555555555556,G,156,20,or,3pl,,stimul,4.0,"3pl, or"
Олег или я подпишем это деловое соглашение.,5.3,B,130,17,or,1pl,,stimul,5.0,"1pl, or"
Олег или я подпишет это деловое соглашение.,2.4,C,131,17,or,3sg,,stimul,2.0,"3sg, or"
Олег или я подпишу это деловое соглашение.,2.9,A,129,17,or,1sg,,stimul,3.0,"1sg, or"
Олег или я подпишут это деловое соглашение.,3.7,D,132,17,or,3pl,,stimul,4.0,"3pl, or"
Паша или я посетим этот научный семинар.,4.6,A,122,16,or,1pl,,stimul,5.0,"1pl, or"
Паша или я посетит этот научный семинар.,3.6,B,123,16,or,3sg,,stimul,4.0,"3sg, or"
Паша или я посетят этот научный семинар.,3.5,C,124,16,or,3pl,,stimul,4.0,"3pl, or"
Паша или я посещу этот научный семинар.,3.9,H,121,16,or,1sg,,stimul,4.0,"1sg, or"
Петя или я поднимем этот важный вопрос.,5.888888888888889,H,114,15,or,1pl,,stimul,6.0,"1pl, or"
Петя или я поднимет этот важный вопрос.,3.0,A,115,15,or,3sg,,stimul,3.0,"3sg, or"
Петя или я подниму этот важный вопрос.,3.0,G,113,15,or,1sg,,stimul,3.0,"1sg, or"
Петя или я поднимут этот важный вопрос.,3.555555555555556,B,116,15,or,3pl,,stimul,4.0,"3pl, or"
Саша или я отнесу это тяжёлое ведро.,5.1,H,249,32,or,1sg,,stimul,5.0,"1sg, or"
Саша или я отнесут это тяжёлое ведро.,2.6,C,252,32,or,3pl,,stimul,3.0,"3pl, or"
Саша или я отнесём это тяжёлое ведро.,4.8,A,250,32,or,1pl,,stimul,5.0,"1pl, or"
Саша или я отнесёт это тяжёлое ведро.,3.6,B,251,32,or,3sg,,stimul,4.0,"3sg, or"
Слава или я купим эту известную картину.,5.6,D,146,19,or,1pl,,stimul,6.0,"1pl, or"
Слава или я купит эту известную картину.,2.8,E,147,19,or,3sg,,stimul,3.0,"3sg, or"
Слава или я куплю эту известную картину.,3.3,C,145,19,or,1sg,,stimul,3.0,"1sg, or"
Слава или я купят эту известную картину.,3.1818181818181817,F,148,19,or,3pl,,stimul,3.0,"3pl, or"
Стёпа или я исполним эту оперную арию.,4.2,E,26,4,or,1pl,,stimul,4.0,"1pl, or"
Стёпа или я исполнит эту оперную арию.,3.6,F,27,4,or,3sg,,stimul,4.0,"3sg, or"
Стёпа или я исполню эту оперную арию.,4.4,D,25,4,or,1sg,,stimul,4.0,"1sg, or"
Стёпа или я исполнят эту оперную арию.,3.7,G,28,4,or,3pl,,stimul,4.0,"3pl, or"
Федя или я выиграем этот теннисный турнир.,5.2,C,202,26,or,1pl,,stimul,5.0,"1pl, or"
Федя или я выиграет этот теннисный турнир.,3.7,D,203,26,or,3sg,,stimul,4.0,"3sg, or"
Федя или я выиграю этот теннисный турнир.,4.3,B,201,26,or,1sg,,stimul,4.0,"1sg, or"
Федя или я выиграют этот теннисный турнир.,3.0,E,204,26,or,3pl,,stimul,3.0,"3pl, or"
Юра или я устроим этот детский праздник.,3.8,E,90,12,or,1pl,,stimul,4.0,"1pl, or"
Юра или я устроит этот детский праздник.,2.636363636363636,F,91,12,or,3sg,,stimul,3.0,"3sg, or"
Юра или я устрою этот детский праздник.,4.3,D,89,12,or,1sg,,stimul,4.0,"1sg, or"
Юра или я устроят этот детский праздник.,3.7777777777777777,G,92,12,or,3pl,,stimul,4.0,"3pl, or"
Яша или я закажем этот дорогой десерт.,4.4,A,186,24,or,1pl,,stimul,4.0,"1pl, or"
Яша или я закажет этот дорогой десерт.,3.9,B,187,24,or,3sg,,stimul,4.0,"3sg, or"
Яша или я закажу этот дорогой десерт.,4.9,H,185,24,or,1sg,,stimul,5.0,"1sg, or"
Яша или я закажут этот дорогой десерт.,2.6666666666666665,C,188,24,or,3pl,,stimul,3.0,"3pl, or"
Андрей наденет эту тёплую куртку.,6.2625,X,258,33,,,good,filler,6.0,good
Артём почистит этот резиновый сапог.,6.1125,X,264,33,,,good,filler,6.0,good
Артём раскритикует эту плохой картину.,3.1298701298701297,X,281,33,,,bad,filler,3.0,bad
"Ваня напишет или реферат, или курсовую.",5.9,X,271,33,,,good,filler,6.0,good
Вася получит медаль или кубок.,6.325,X,272,33,,,good,filler,6.0,good
"Витя пропустит или репетицию, или концерт.",5.063291139240507,X,268,33,,,good,filler,5.0,good
"Вова подготовит или статью, или доклад.",5.725,X,266,33,,,good,filler,6.0,good
Володя посадит берёзу или тополь.,6.175,X,270,33,,,good,filler,6.0,good
Гоша или Боря осуществим эту давнюю мечту.,2.5375,X,279,33,,,bad,filler,3.0,bad
Гриша проверит этот математический расчёт.,6.012658227848101,X,261,33,,,good,filler,6.0,good
Денис или Илья нарушим эти строгие сроки.,2.7375,X,277,33,,,bad,filler,3.0,bad
Дима или Ваня протрём эту грязную полку.,2.6202531645569622,X,275,33,,,bad,filler,3.0,bad
"Или Вова, или Серёжа примем это непростое решение.",2.925,X,280,33,,,bad,filler,3.0,bad
"Или Коля, или Гена испробуем этот новый метод.",3.0126582278481013,X,278,33,,,bad,filler,3.0,bad
"Или Лёва, или Кирилл изучим эту научную статью.",3.207792207792208,X,276,33,,,bad,filler,3.0,bad
"Или Саша, или Коля прочитаем это длинное письмо.",3.649350649350649,X,274,33,,,bad,filler,4.0,bad
Илья поделит этот родительский наследство.,1.675,X,287,33,,,bad,filler,2.0,bad
Кеша заправит этот грузовую автомобиль.,2.85,X,286,33,,,bad,filler,3.0,bad
Кирилл взвесит посылку или бандероль.,6.3,X,267,33,,,good,filler,6.0,good
Лёва оформит этот деловой договор.,6.468354430379747,X,263,33,,,good,filler,6.0,good
Максим окончит этот строительную колледж.,3.1,X,288,33,,,bad,filler,3.0,bad
Максим продаст шкаф или кровать.,6.2125,X,265,33,,,good,filler,6.0,good
Митя приготовит этот сытный суп.,6.3375,X,260,33,,,good,filler,6.0,good
Миша или Федя поймаем эту крупную рыбу.,2.7088607594936707,X,273,33,,,bad,filler,3.0,bad
Миша сдаст этот вступительный экзамен.,6.2405063291139244,X,262,33,,,good,filler,6.0,good
Никита покрасит эту дубовую дверь.,6.417721518987341,X,259,33,,,good,filler,6.0,good
Никита улучшит этот основную показатель.,2.2125,X,285,33,,,bad,filler,2.0,bad
Петя привлечёт эту молодой публику.,2.9743589743589745,X,282,33,,,bad,filler,3.0,bad
Рома скачает этот детективный сериал.,6.354430379746836,X,257,33,,,good,filler,6.0,good
Федя подметёт этот пыльную пол.,2.1,X,284,33,,,bad,filler,2.0,bad
Яша запишет этот почтовую адрес.,2.925,X,283,33,,,bad,filler,3.0,bad
"Яша составит или письмо, или телеграмму.",5.1625,X,269,33,,,good,filler,5.0,good
